price,number_of_rooms,is_city,good_area,surface,rating,unemployment,parking
177812,2,0,0,44,0,10,0
173357,2,0,0,41,0,11,0
167319,2,0,0,46,0,11,0
155062,2,0,0,42,0,11,0
152147,2,0,0,45,0,11,0
166683,2,0,0,49,0,14,0
164231,2,0,0,45,0,10,0
178329,2,0,0,48,0,14,0
150129,2,0,0,44,0,12,0
163068,2,0,0,44,0,10,0
176096,2,0,0,43,0,13,0
164895,2,0,0,40,0,10,0
154858,2,0,0,46,0,11,0
156475,2,0,0,46,0,14,0
173310,2,0,0,49,0,10,0
167999,2,0,0,40,0,10,0
160732,2,0,0,40,0,12,0
168301,2,0,0,44,0,14,0
162328,2,0,0,43,0,12,0
177890,2,0,0,43,0,14,0
166751,2,0,0,40,0,13,0
176205,2,0,0,40,0,13,0
160318,2,0,0,44,0,10,0
175172,2,0,0,43,0,11,0
165243,2,0,0,47,0,10,0
160113,2,0,0,44,0,12,0
172413,2,0,0,48,0,12,0
172091,2,0,0,45,0,11,0
177557,2,0,0,45,0,10,0
165135,2,0,0,42,0,11,0
162207,2,0,0,49,0,10,0
175885,2,0,0,47,0,11,0
170600,2,0,0,44,0,14,0
169495,2,0,0,48,0,13,0
166426,2,0,0,41,0,11,0
163834,2,0,0,45,0,11,0
178853,2,0,0,47,0,10,0
167771,2,0,0,46,0,13,0
154059,2,0,0,48,0,12,0
169647,2,0,0,47,0,10,0
161377,2,0,0,42,0,13,0
175730,2,0,0,44,0,11,0
179060,2,0,0,44,0,11,0
152735,2,0,0,41,0,11,0
150496,2,0,0,43,0,14,0
165371,2,0,0,43,0,11,0
155623,2,0,0,41,0,12,0
153777,2,0,0,45,0,13,0
156939,2,0,0,42,0,13,0
160324,2,0,0,44,0,10,0
174442,2,0,0,46,0,11,0
157820,2,0,0,44,0,12,0
170813,2,0,0,43,0,14,0
168548,2,0,0,47,0,10,0
160062,2,0,0,41,0,14,0
178180,2,0,0,45,0,14,0
155521,2,0,0,48,0,14,0
159805,2,0,0,45,0,14,0
159382,2,0,0,42,0,12,0
164644,2,0,0,45,0,12,0
168219,2,0,0,43,0,13,0
167321,2,0,0,49,0,10,0
176094,2,0,0,40,0,14,0
175845,2,0,0,42,0,14,0
153766,2,0,0,43,0,14,0
151201,2,0,0,41,0,12,0
159949,2,0,0,47,0,13,0
175385,2,0,0,46,0,12,0
157303,2,0,0,49,0,10,0
168764,2,0,0,49,0,10,0
161928,2,0,0,49,0,13,0
172982,2,0,0,48,0,13,0
179354,2,0,0,48,0,12,0
153321,2,0,0,49,0,12,0
151171,2,0,0,48,0,14,0
157846,2,0,0,49,0,12,0
170470,2,0,0,41,0,12,0
163748,2,0,0,48,0,12,0
176933,2,0,0,46,0,11,0
154378,2,0,0,40,0,14,0
159944,2,0,0,42,0,12,0
176314,2,0,0,42,0,12,0
159725,2,0,0,48,0,11,0
165824,2,0,0,45,0,12,0
175713,2,0,0,47,0,11,0
158174,2,0,0,43,0,12,0
157592,2,0,0,49,0,11,0
156503,2,0,0,43,0,12,0
169715,2,0,0,49,0,13,0
160071,2,0,0,47,0,14,0
165976,2,0,0,40,0,14,0
163692,2,0,0,44,0,11,0
168229,2,0,0,40,0,12,0
164937,2,0,0,46,0,13,0
159799,2,0,0,48,0,10,0
169178,2,0,0,45,0,11,0
177698,2,0,0,43,0,14,0
166247,2,0,0,44,0,11,0
155680,2,0,0,45,0,13,0
164590,2,0,0,45,0,14,0
169156,2,0,0,42,0,12,0
167358,2,0,0,44,0,10,0
162404,2,0,0,46,0,11,0
162892,2,0,0,48,0,13,0
177453,2,0,0,47,0,10,0
154743,2,0,0,49,0,10,0
161218,2,0,0,40,0,13,0
151855,2,0,0,47,0,13,0
177635,2,0,0,44,0,10,0
174659,2,0,0,44,0,13,0
178309,2,0,0,43,0,10,0
158637,2,0,0,48,0,12,0
171207,2,0,0,47,0,14,0
163115,2,0,0,48,0,10,0
160396,2,0,0,40,0,14,0
178543,2,0,0,43,0,13,0
167589,2,0,0,43,0,14,0
160155,2,0,0,43,0,13,0
161817,2,0,0,43,0,13,0
152056,2,0,0,48,0,14,0
159054,2,0,0,43,0,14,0
159390,2,0,0,43,0,12,0
161407,2,0,0,49,0,13,0
179415,2,0,0,42,0,10,0
170865,2,0,0,46,0,12,0
160251,2,0,0,41,0,14,0
176775,2,0,0,48,0,12,0
176781,2,0,0,41,0,11,0
166143,2,0,0,46,0,14,0
173040,2,0,0,49,0,12,0
154884,2,0,0,42,0,14,0
156730,2,0,0,45,0,10,0
164615,2,0,0,46,0,10,0
154613,2,0,0,46,0,14,0
162611,2,0,0,48,0,12,0
174169,2,0,0,42,0,13,0
160276,2,0,0,45,0,11,0
163163,2,0,0,47,0,10,0
167437,2,0,0,46,0,13,0
154082,2,0,0,40,0,12,0
157049,2,0,0,47,0,14,0
174069,2,0,0,47,0,14,0
173417,2,0,0,48,0,13,0
174108,2,0,0,48,0,12,0
179002,2,0,0,46,0,10,0
150566,2,0,0,41,0,13,0
163872,2,0,0,47,0,13,0
173124,2,0,0,45,0,10,0
152195,2,0,0,42,0,14,0
169394,2,0,0,40,0,14,0
170008,2,0,0,41,0,11,0
172840,2,0,0,46,0,13,0
176837,2,0,0,49,0,13,0
179282,2,0,0,42,0,14,0
152322,2,0,0,45,0,11,0
160448,2,0,0,46,0,10,0
171757,2,0,0,45,0,11,0
159125,2,0,0,42,0,10,0
173320,2,0,0,46,0,14,0
175296,2,0,0,42,0,11,0
155440,2,0,0,49,0,13,0
162194,2,0,0,47,0,14,0
163296,2,0,0,48,0,12,0
152554,2,0,0,42,0,14,0
177561,2,0,0,48,0,11,0
166183,2,0,0,42,0,12,0
179485,2,0,0,48,0,10,0
176722,2,0,0,42,0,12,0
162648,2,0,0,40,0,13,0
161422,2,0,0,45,0,12,0
165229,2,0,0,45,0,10,0
175171,2,0,0,42,0,13,0
173643,2,0,0,47,0,13,0
151986,2,0,0,46,0,11,0
174341,2,0,0,41,0,14,0
164774,2,0,0,40,0,10,0
178214,2,0,0,46,0,12,0
175277,2,0,0,47,0,13,0
171964,2,0,0,43,0,12,0
153374,2,0,0,43,0,12,0
172513,2,0,0,47,0,12,0
164619,2,0,0,42,0,11,0
177948,2,0,0,48,0,11,0
171868,2,0,0,49,0,12,0
175965,2,0,0,42,0,13,0
173617,2,0,0,41,0,10,0
165572,2,0,0,42,0,13,0
178847,2,0,0,42,0,13,0
173960,2,0,0,41,0,14,0
150278,2,0,0,49,0,11,0
158954,2,0,0,46,0,11,0
153061,2,0,0,47,0,10,0
178363,2,0,0,43,0,10,0
166740,2,0,0,40,0,13,0
178473,2,0,0,42,0,13,0
151144,2,0,0,47,0,12,0
154281,2,0,0,48,0,13,0
171791,2,0,0,43,0,12,0
173933,2,0,0,43,0,12,0
162319,2,0,0,48,0,12,0
157364,2,0,0,45,0,14,0
174784,2,0,0,41,0,10,0
160190,2,0,0,44,0,12,0
169274,2,0,0,40,0,13,0
177564,2,0,0,49,0,13,0
157602,2,0,0,45,0,13,0
176558,2,0,0,44,0,14,0
154201,2,0,0,48,0,14,0
173234,2,0,0,48,0,13,0
158659,2,0,0,41,0,14,0
169240,2,0,0,43,0,13,0
156270,2,0,0,44,0,12,0
177235,2,0,0,41,0,13,0
163674,2,0,0,45,0,12,0
157309,2,0,0,48,0,13,0
151092,2,0,0,44,0,14,0
175477,2,0,0,45,0,13,0
168096,2,0,0,45,0,10,0
157763,2,0,0,47,0,10,0
160110,2,0,0,48,0,14,0
172536,2,0,0,45,0,11,0
177768,2,0,0,45,0,14,0
162628,2,0,0,41,0,14,0
157153,2,0,0,47,0,10,0
163716,2,0,0,42,0,11,0
157822,2,0,0,42,0,11,0
171549,2,0,0,43,0,12,0
163069,2,0,0,41,0,14,0
152749,2,0,0,49,0,14,0
170315,2,0,0,42,0,11,0
153121,2,0,0,42,0,11,0
169993,2,0,0,42,0,12,0
154479,2,0,0,47,0,10,0
162850,2,0,0,48,0,13,0
150295,2,0,0,41,0,10,0
168216,2,0,0,44,0,14,0
164018,2,0,0,44,0,10,0
159278,2,0,0,44,0,10,0
177443,2,0,0,40,0,13,0
171114,2,0,0,40,0,12,0
170164,2,0,0,40,0,11,0
161914,2,0,0,40,0,13,0
159806,2,0,0,41,0,10,0
151296,2,0,0,42,0,10,0
162413,2,0,0,42,0,14,0
157548,2,0,0,40,0,12,0
164490,2,0,0,45,0,13,0
172151,2,0,0,42,0,13,0
173365,2,0,0,45,0,12,0
157041,2,0,0,49,0,12,0
152515,2,0,0,43,0,10,0
154066,2,0,0,49,0,12,0
166584,2,0,0,45,0,10,0
174653,2,0,0,42,0,14,0
154549,2,0,0,45,0,12,0
158962,2,0,0,45,0,10,0
164898,2,0,0,40,0,11,0
169807,2,0,0,49,0,14,0
152392,2,0,0,40,0,14,0
168087,2,0,0,49,0,11,0
173972,2,0,0,40,0,14,0
176393,2,0,0,43,0,13,0
151070,2,0,0,49,0,10,0
161396,2,0,0,45,0,11,0
156208,2,0,0,42,0,14,0
154711,2,0,0,47,0,12,0
164630,2,0,0,47,0,11,0
174050,2,0,0,46,0,10,0
178401,2,0,0,44,0,11,0
170676,2,0,0,44,0,13,0
150788,2,0,0,45,0,13,0
156576,2,0,0,48,0,12,0
169169,2,0,0,45,0,13,0
151360,2,0,0,40,0,13,0
170669,2,0,0,41,0,12,0
155879,2,0,0,47,0,14,0
155431,2,0,0,46,0,11,0
157003,2,0,0,46,0,10,0
153692,2,0,0,43,0,10,0
152925,2,0,0,43,0,10,0
173065,2,0,0,44,0,10,0
179249,2,0,0,44,0,11,0
177767,2,0,0,49,0,10,0
172361,2,0,0,45,0,12,0
169013,2,0,0,40,0,10,0
156104,2,0,0,43,0,14,0
152704,2,0,0,48,0,13,0
166310,2,0,0,45,0,13,0
158742,2,0,0,44,0,10,0
165514,2,0,0,41,0,13,0
164246,2,0,0,44,0,12,0
167374,2,0,0,49,0,10,0
171043,2,0,0,46,0,10,0
172588,2,0,0,49,0,12,0
151266,2,0,0,42,0,12,0
156427,2,0,0,45,0,14,0
164043,2,0,0,40,0,14,0
158481,2,0,0,41,0,11,0
174441,2,0,0,46,0,14,0
176355,2,0,0,46,0,10,0
153434,2,0,0,48,0,11,0
179475,2,0,0,41,0,14,0
178558,2,0,0,47,0,14,0
157440,2,0,0,45,0,12,0
150906,2,0,0,48,0,13,0
151306,2,0,0,46,0,11,0
170782,2,0,0,45,0,11,0
155416,2,0,0,40,0,14,0
154619,2,0,0,43,0,14,0
162891,2,0,0,44,0,14,0
153712,2,0,0,47,0,13,0
150545,2,0,0,47,0,12,0
152856,2,0,0,48,0,13,0
162871,2,0,0,47,0,14,0
166172,2,0,0,44,0,12,0
151517,2,0,0,47,0,14,0
150032,2,0,0,42,0,10,0
154757,2,0,0,49,0,13,0
167234,2,0,0,41,0,10,0
169574,2,0,0,42,0,10,0
173705,2,0,0,47,0,10,0
178340,2,0,0,46,0,14,0
163453,2,0,0,44,0,11,0
160277,2,0,0,43,0,10,0
171483,2,0,0,44,0,11,0
178075,2,0,0,40,0,13,0
163005,2,0,0,42,0,14,0
171033,2,0,0,43,0,12,0
177955,2,0,0,43,0,12,0
156111,2,0,0,40,0,12,0
158480,2,0,0,45,0,10,0
150893,2,0,0,43,0,14,0
178114,2,0,0,46,0,12,0
162488,2,0,0,42,0,11,0
168707,2,0,0,47,0,13,0
162360,2,0,0,48,0,10,0
177974,2,0,0,41,0,14,0
170866,2,0,0,41,0,14,0
153758,2,0,0,41,0,12,0
150511,2,0,0,47,0,14,0
156248,2,0,0,49,0,14,0
152544,2,0,0,41,0,11,0
171406,2,0,0,45,0,13,0
171375,2,0,0,42,0,10,0
163881,2,0,0,44,0,12,0
166640,2,0,0,49,0,13,0
168393,2,0,0,42,0,13,0
153009,2,0,0,42,0,10,0
153852,2,0,0,47,0,10,0
161631,2,0,0,43,0,10,0
159458,2,0,0,40,0,13,0
161879,2,0,0,41,0,14,0
179184,2,0,0,43,0,14,0
161894,2,0,0,41,0,12,0
167153,2,0,0,44,0,11,0
160544,2,0,0,48,0,11,0
155990,2,0,0,46,0,10,0
152319,2,0,0,45,0,13,0
160259,2,0,0,44,0,11,0
173188,2,0,0,47,0,11,0
161613,2,0,0,40,0,10,0
165735,2,0,0,41,0,11,0
166265,2,0,0,48,0,10,0
164899,2,0,0,42,0,13,0
168470,2,0,0,48,0,14,0
168894,2,0,0,46,0,14,0
154623,2,0,0,45,0,12,0
150891,2,0,0,49,0,10,0
157296,2,0,0,41,0,10,0
166319,2,0,0,49,0,12,0
176946,2,0,0,41,0,11,0
152899,2,0,0,43,0,10,0
157394,2,0,0,49,0,11,0
179518,2,0,0,41,0,11,0
156864,2,0,0,42,0,11,0
162791,2,0,0,44,0,11,0
166682,2,0,0,44,0,11,0
163395,2,0,0,45,0,13,0
176249,2,0,0,43,0,14,0
159730,2,0,0,42,0,14,0
169220,2,0,0,45,0,12,0
163070,2,0,0,43,0,14,0
151055,2,0,0,40,0,12,0
164098,2,0,0,49,0,14,0
172047,2,0,0,43,0,14,0
177671,2,0,0,40,0,11,0
169433,2,0,0,46,0,12,0
152566,2,0,0,44,0,14,0
171740,2,0,0,40,0,14,0
170922,2,0,0,45,0,13,0
167614,2,0,0,46,0,14,0
161820,2,0,0,41,0,13,0
160388,2,0,0,48,0,12,0
164453,2,0,0,40,0,13,0
165134,2,0,0,43,0,13,0
157929,2,0,0,43,0,13,0
153525,2,0,0,48,0,14,0
179050,2,0,0,43,0,14,0
177231,2,0,0,42,0,14,0
166216,2,0,0,44,0,12,0
155885,2,0,0,40,0,10,0
160923,2,0,0,48,0,10,0
178235,2,0,0,46,0,13,0
161906,2,0,0,44,0,11,0
170540,2,0,0,43,0,13,0
170311,2,0,0,48,0,10,0
155985,2,0,0,40,0,12,0
170789,2,0,0,46,0,14,0
164098,2,0,0,43,0,11,0
155987,2,0,0,43,0,12,0
163563,2,0,0,47,0,13,0
168039,2,0,0,44,0,12,0
169526,2,0,0,41,0,13,0
173911,2,0,0,41,0,12,0
175606,2,0,0,43,0,10,0
169145,2,0,0,43,0,12,0
161508,2,0,0,41,0,14,0
159081,2,0,0,44,0,14,0
161023,2,0,0,40,0,11,0
173918,2,0,0,49,0,13,0
167039,2,0,0,43,0,14,0
169273,2,0,0,44,0,11,0
162054,2,0,0,46,0,13,0
175648,2,0,0,44,0,13,0
177915,2,0,0,40,0,13,0
173423,2,0,0,40,0,11,0
159173,2,0,0,45,0,14,0
152035,2,0,0,40,0,11,0
161816,2,0,0,40,0,12,0
152155,2,0,0,45,0,11,0
155898,2,0,0,44,0,10,0
165658,2,0,0,41,0,10,0
158165,2,0,0,45,0,12,0
166020,2,0,0,41,0,14,0
151591,2,0,0,46,0,14,0
152162,2,0,0,43,0,11,0
160984,2,0,0,40,0,14,0
175766,2,0,0,42,0,14,0
179898,2,0,0,45,0,14,0
177861,2,0,0,46,0,14,0
152076,2,0,0,49,0,13,0
172314,2,0,0,46,0,13,0
155277,2,0,0,48,0,11,0
179793,2,0,0,41,0,12,0
164565,2,0,0,42,0,10,0
150115,2,0,0,45,0,10,0
163086,2,0,0,40,0,13,0
151915,2,0,0,43,0,13,0
167046,2,0,0,47,0,14,0
171239,2,0,0,41,0,13,0
179610,2,0,0,48,0,13,0
173400,2,0,0,45,0,12,0
157522,2,0,0,42,0,14,0
166848,2,0,0,46,0,12,0
159085,2,0,0,49,0,10,0
157259,2,0,0,40,0,13,0
159660,2,0,0,44,0,12,0
171619,2,0,0,43,0,10,0
168264,2,0,0,43,0,13,0
177737,2,0,0,46,0,11,0
156080,2,0,0,47,0,14,0
174468,2,0,0,44,0,12,0
177770,2,0,0,44,0,13,0
170310,2,0,0,47,0,12,0
155881,2,0,0,40,0,11,0
177334,2,0,0,45,0,14,0
157203,2,0,0,46,0,10,0
171128,2,0,0,48,0,12,0
177338,2,0,0,43,0,10,0
174597,2,0,0,47,0,13,0
177639,2,0,0,49,0,11,0
153314,2,0,0,48,0,14,0
156772,2,0,0,43,0,11,0
174882,2,0,0,49,0,14,0
153000,2,0,0,40,0,10,0
175536,2,0,0,43,0,14,0
171308,2,0,0,45,0,11,0
165320,2,0,0,49,0,13,0
171361,2,0,0,41,0,12,0
152943,2,0,0,48,0,10,0
161977,2,0,0,42,0,12,0
151375,2,0,0,49,0,13,0
176686,2,0,0,44,0,14,0
170230,2,0,0,47,0,12,0
171964,2,0,0,40,0,10,0
152642,2,0,0,41,0,13,0
168519,2,0,0,46,0,14,0
166974,2,0,0,48,0,14,0
171989,2,0,0,47,0,11,0
156981,2,0,0,48,0,12,0
168693,2,0,0,42,0,14,0
176030,2,0,0,42,0,14,0
165618,2,0,0,48,0,11,0
172381,2,0,0,48,0,14,0
173011,2,0,0,44,0,12,0
151658,2,0,0,49,0,12,0
161934,2,0,0,42,0,13,0
161873,2,0,0,42,0,13,0
156655,2,0,0,46,0,10,0
151542,2,0,0,43,0,14,0
188383,3,0,0,51,1,9,0
186766,3,0,0,59,1,8,0
185856,3,0,0,55,1,9,0
185104,3,0,0,54,1,8,0
188226,3,0,0,55,1,8,0
189164,3,0,0,54,1,8,0
189439,3,0,0,52,1,9,0
181407,3,0,0,52,1,9,0
183396,3,0,0,58,1,8,0
183361,3,0,0,54,1,9,0
187677,3,0,0,58,1,9,0
188707,3,0,0,51,1,9,0
183485,3,0,0,59,1,8,0
189597,3,0,0,59,1,8,0
185331,3,0,0,51,1,8,0
189663,3,0,0,54,1,8,0
181122,3,0,0,50,1,8,0
184160,3,0,0,50,1,8,0
181187,3,0,0,50,1,9,0
184839,3,0,0,58,1,8,0
189275,3,0,0,57,1,8,0
188369,3,0,0,56,1,8,0
189299,3,0,0,58,1,9,0
189364,3,0,0,57,1,9,0
187324,3,0,0,51,1,8,0
180796,3,0,0,58,1,8,0
184193,3,0,0,59,1,9,0
185479,3,0,0,56,1,8,0
183482,3,0,0,58,1,8,0
185184,3,0,0,50,1,8,0
187655,3,0,0,55,1,8,0
187134,3,0,0,54,1,8,0
183368,3,0,0,56,1,9,0
180119,3,0,0,52,1,9,0
187795,3,0,0,58,1,8,0
188026,3,0,0,57,1,9,0
188782,3,0,0,55,1,8,0
180236,3,0,0,57,1,9,0
185242,3,0,0,52,1,9,0
181780,3,0,0,54,1,8,0
187982,3,0,0,53,1,8,0
188488,3,0,0,50,1,9,0
186249,3,0,0,59,1,9,0
183744,3,0,0,52,1,8,0
181362,3,0,0,54,1,8,0
185514,3,0,0,54,1,9,0
188651,3,0,0,59,1,9,0
181152,3,0,0,59,1,8,0
180099,3,0,0,52,1,9,0
183905,3,0,0,55,1,9,0
188807,3,0,0,57,1,8,0
187958,3,0,0,52,1,9,0
187248,3,0,0,51,1,9,0
180267,3,0,0,58,1,8,0
189200,3,0,0,54,1,8,0
186978,3,0,0,57,1,8,0
185377,3,0,0,51,1,8,0
182035,3,0,0,51,1,9,0
181534,3,0,0,59,1,8,0
181915,3,0,0,56,1,8,0
185577,3,0,0,55,1,9,0
188232,3,0,0,58,1,8,0
183885,3,0,0,59,1,8,0
181783,3,0,0,59,1,8,0
186721,3,0,0,58,1,8,0
184187,3,0,0,53,1,8,0
184594,3,0,0,58,1,9,0
182439,3,0,0,51,1,8,0
184772,3,0,0,55,1,8,0
184435,3,0,0,50,1,8,0
185159,3,0,0,55,1,9,0
187186,3,0,0,55,1,9,0
181887,3,0,0,55,1,8,0
189650,3,0,0,50,1,8,0
182638,3,0,0,58,1,9,0
187693,3,0,0,51,1,9,0
180377,3,0,0,55,1,9,0
186028,3,0,0,56,1,8,0
180255,3,0,0,57,1,9,0
183568,3,0,0,51,1,8,0
182435,3,0,0,55,1,8,0
182299,3,0,0,58,1,9,0
189425,3,0,0,54,1,8,0
188464,3,0,0,51,1,9,0
189345,3,0,0,57,1,8,0
185207,3,0,0,53,1,9,0
182573,3,0,0,53,1,8,0
183043,3,0,0,51,1,9,0
184437,3,0,0,52,1,9,0
185958,3,0,0,58,1,9,0
183204,3,0,0,57,1,9,0
187575,3,0,0,59,1,9,0
180700,3,0,0,53,1,9,0
181626,3,0,0,56,1,8,0
184408,3,0,0,51,1,9,0
181680,3,0,0,52,1,8,0
181625,3,0,0,54,1,8,0
182192,3,0,0,56,1,9,0
184578,3,0,0,54,1,9,0
186553,3,0,0,59,1,8,0
180082,3,0,0,54,1,8,0
182144,3,0,0,58,1,9,0
185027,3,0,0,59,1,8,0
185134,3,0,0,58,1,8,0
184017,3,0,0,58,1,9,0
180221,3,0,0,52,1,9,0
184377,3,0,0,58,1,8,0
184350,3,0,0,57,1,9,0
182965,3,0,0,51,1,9,0
186103,3,0,0,55,1,8,0
185097,3,0,0,55,1,9,0
185189,3,0,0,55,1,9,0
189900,3,0,0,58,1,8,0
184707,3,0,0,53,1,8,0
182626,3,0,0,58,1,9,0
188242,3,0,0,58,1,8,0
182851,3,0,0,51,1,8,0
181682,3,0,0,59,1,9,0
180874,3,0,0,51,1,8,0
188931,3,0,0,50,1,8,0
188519,3,0,0,51,1,8,0
188856,3,0,0,52,1,9,0
187116,3,0,0,58,1,8,0
186733,3,0,0,56,1,8,0
181489,3,0,0,50,1,8,0
180279,3,0,0,50,1,8,0
188549,3,0,0,54,1,9,0
185863,3,0,0,54,1,9,0
181987,3,0,0,59,1,9,0
183111,3,0,0,59,1,8,0
183321,3,0,0,51,1,8,0
185585,3,0,0,54,1,8,0
189833,3,0,0,50,1,9,0
181872,3,0,0,55,1,9,0
188986,3,0,0,53,1,8,0
188797,3,0,0,50,1,9,0
184209,3,0,0,51,1,9,0
183032,3,0,0,59,1,8,0
187774,3,0,0,50,1,9,0
181871,3,0,0,56,1,8,0
181284,3,0,0,51,1,9,0
180286,3,0,0,54,1,8,0
189015,3,0,0,53,1,8,0
181387,3,0,0,51,1,8,0
189868,3,0,0,54,1,9,0
184570,3,0,0,53,1,9,0
186403,3,0,0,56,1,9,0
181231,3,0,0,55,1,9,0
180109,3,0,0,50,1,8,0
187222,3,0,0,59,1,9,0
180038,3,0,0,58,1,8,0
187865,3,0,0,51,1,9,0
187672,3,0,0,56,1,9,0
188409,3,0,0,59,1,9,0
186625,3,0,0,51,1,9,0
184295,3,0,0,54,1,8,0
180093,3,0,0,57,1,9,0
183792,3,0,0,50,1,8,0
180603,3,0,0,52,1,8,0
180810,3,0,0,57,1,8,0
188152,3,0,0,50,1,9,0
182065,3,0,0,50,1,8,0
184906,3,0,0,52,1,9,0
184244,3,0,0,51,1,8,0
180708,3,0,0,58,1,9,0
184656,3,0,0,57,1,8,0
182827,3,0,0,54,1,8,0
181660,3,0,0,51,1,8,0
183159,3,0,0,59,1,8,0
189930,3,0,0,51,1,9,0
186577,3,0,0,59,1,8,0
181320,3,0,0,54,1,8,0
183439,3,0,0,51,1,9,0
182516,3,0,0,57,1,9,0
186371,3,0,0,58,1,9,0
186073,3,0,0,58,1,9,0
188112,3,0,0,57,1,9,0
183078,3,0,0,55,1,9,0
180480,3,0,0,56,1,8,0
189070,3,0,0,58,1,9,0
182369,3,0,0,50,1,9,0
185638,3,0,0,57,1,8,0
181380,3,0,0,53,1,8,0
187926,3,0,0,53,1,9,0
187705,3,0,0,50,1,9,0
182098,3,0,0,53,1,9,0
180001,3,0,0,50,1,8,0
181614,3,0,0,55,1,8,0
183228,3,0,0,50,1,9,0
183313,3,0,0,52,1,9,0
189155,3,0,0,59,1,9,0
182881,3,0,0,57,1,9,0
183765,3,0,0,57,1,8,0
188175,3,0,0,55,1,8,0
188624,3,0,0,52,1,9,0
186674,3,0,0,54,1,8,0
183149,3,0,0,50,1,8,0
182450,3,0,0,52,1,9,0
187072,3,0,0,52,1,9,0
189895,3,0,0,59,1,9,0
188581,3,0,0,55,1,8,0
189107,3,0,0,58,1,9,0
187714,3,0,0,54,1,9,0
189809,3,0,0,58,1,8,0
181169,3,0,0,56,1,8,0
185921,3,0,0,57,1,9,0
185122,3,0,0,54,1,8,0
183506,3,0,0,53,1,8,0
189094,3,0,0,52,1,8,0
186309,3,0,0,58,1,8,0
180937,3,0,0,52,1,9,0
188123,3,0,0,58,1,9,0
183649,3,0,0,56,1,8,0
187210,3,0,0,57,1,9,0
188028,3,0,0,57,1,8,0
187036,3,0,0,53,1,8,0
188334,3,0,0,57,1,8,0
188639,3,0,0,58,1,8,0
185009,3,0,0,50,1,9,0
184940,3,0,0,54,1,9,0
187631,3,0,0,58,1,8,0
182952,3,0,0,59,1,9,0
188503,3,0,0,55,1,9,0
186812,3,0,0,54,1,9,0
182653,3,0,0,59,1,8,0
184415,3,0,0,52,1,9,0
187957,3,0,0,50,1,9,0
186406,3,0,0,52,1,9,0
187094,3,0,0,50,1,9,0
189002,3,0,0,51,1,9,0
180832,3,0,0,53,1,9,0
186262,3,0,0,57,1,9,0
183161,3,0,0,50,1,9,0
189866,3,0,0,56,1,8,0
185580,3,0,0,58,1,8,0
184740,3,0,0,53,1,9,0
185718,3,0,0,52,1,8,0
182485,3,0,0,51,1,9,0
180429,3,0,0,57,1,9,0
186057,3,0,0,59,1,8,0
181145,3,0,0,53,1,9,0
187914,3,0,0,59,1,8,0
185025,3,0,0,57,1,8,0
182216,3,0,0,57,1,8,0
187806,3,0,0,59,1,8,0
188957,3,0,0,52,1,8,0
189393,3,0,0,51,1,9,0
188513,3,0,0,55,1,9,0
189543,3,0,0,58,1,8,0
186725,3,0,0,55,1,8,0
188643,3,0,0,55,1,8,0
182424,3,0,0,58,1,8,0
182856,3,0,0,54,1,8,0
189631,3,0,0,54,1,9,0
187939,3,0,0,51,1,8,0
180534,3,0,0,56,1,9,0
181838,3,0,0,56,1,9,0
184590,3,0,0,54,1,8,0
186479,3,0,0,58,1,8,0
186701,3,0,0,54,1,9,0
184284,3,0,0,59,1,9,0
187660,3,0,0,54,1,9,0
185441,3,0,0,52,1,8,0
184442,3,0,0,58,1,9,0
189249,3,0,0,56,1,8,0
181190,3,0,0,56,1,8,0
185420,3,0,0,54,1,8,0
181332,3,0,0,58,1,9,0
184828,3,0,0,58,1,8,0
187083,3,0,0,55,1,8,0
186507,3,0,0,59,1,9,0
186686,3,0,0,58,1,9,0
182616,3,0,0,53,1,9,0
189668,3,0,0,56,1,8,0
187819,3,0,0,52,1,8,0
187663,3,0,0,54,1,9,0
186725,3,0,0,52,1,8,0
189931,3,0,0,51,1,8,0
185826,3,0,0,54,1,9,0
187269,3,0,0,56,1,9,0
185730,3,0,0,56,1,9,0
189737,3,0,0,57,1,9,0
189570,3,0,0,55,1,9,0
182550,3,0,0,55,1,9,0
187325,3,0,0,53,1,9,0
183533,3,0,0,56,1,9,0
186911,3,0,0,57,1,9,0
186169,3,0,0,56,1,8,0
180908,3,0,0,57,1,8,0
180101,3,0,0,54,1,8,0
189398,3,0,0,52,1,8,0
189094,3,0,0,50,1,8,0
188471,3,0,0,57,1,8,0
180463,3,0,0,56,1,8,0
187479,3,0,0,51,1,8,0
180295,3,0,0,51,1,8,0
186716,3,0,0,59,1,8,0
189599,3,0,0,52,1,9,0
185202,3,0,0,56,1,8,0
188977,3,0,0,58,1,9,0
188376,3,0,0,56,1,9,0
182420,3,0,0,55,1,9,0
188777,3,0,0,57,1,8,0
186063,3,0,0,57,1,9,0
186840,3,0,0,50,1,9,0
180018,3,0,0,56,1,9,0
182146,3,0,0,50,1,9,0
184606,3,0,0,56,1,8,0
184417,3,0,0,52,1,8,0
187277,3,0,0,52,1,8,0
188920,3,0,0,56,1,9,0
180364,3,0,0,56,1,9,0
189464,3,0,0,55,1,8,0
186021,3,0,0,55,1,8,0
185421,3,0,0,53,1,9,0
183107,3,0,0,58,1,9,0
180081,3,0,0,54,1,9,0
182751,3,0,0,50,1,8,0
182343,3,0,0,56,1,9,0
183151,3,0,0,51,1,8,0
185897,3,0,0,56,1,9,0
183876,3,0,0,54,1,9,0
185106,3,0,0,57,1,8,0
182370,3,0,0,52,1,8,0
182300,3,0,0,50,1,8,0
189278,3,0,0,54,1,9,0
181491,3,0,0,50,1,8,0
188395,3,0,0,58,1,9,0
189300,3,0,0,56,1,8,0
189402,3,0,0,55,1,8,0
184023,3,0,0,52,1,9,0
189292,3,0,0,56,1,9,0
189159,3,0,0,58,1,9,0
180569,3,0,0,51,1,8,0
186044,3,0,0,51,1,9,0
188087,3,0,0,54,1,8,0
187048,3,0,0,57,1,8,0
184424,3,0,0,57,1,9,0
182294,3,0,0,59,1,9,0
186537,3,0,0,52,1,8,0
181730,3,0,0,52,1,8,0
180310,3,0,0,54,1,9,0
182246,3,0,0,57,1,9,0
181856,3,0,0,52,1,9,0
184579,3,0,0,59,1,9,0
189947,3,0,0,50,1,8,0
180173,3,0,0,51,1,8,0
182033,3,0,0,55,1,9,0
183629,3,0,0,59,1,9,0
182890,3,0,0,54,1,9,0
181091,3,0,0,56,1,9,0
184144,3,0,0,52,1,8,0
188792,3,0,0,57,1,8,0
182318,3,0,0,53,1,8,0
187873,3,0,0,50,1,8,0
189146,3,0,0,50,1,8,0
185358,3,0,0,53,1,8,0
186302,3,0,0,50,1,8,0
181025,3,0,0,56,1,8,0
184831,3,0,0,53,1,8,0
181683,3,0,0,58,1,9,0
188462,3,0,0,51,1,9,0
188395,3,0,0,51,1,8,0
187009,3,0,0,58,1,9,0
181093,3,0,0,50,1,8,0
187273,3,0,0,53,1,8,0
187570,3,0,0,53,1,9,0
182644,3,0,0,51,1,8,0
185263,3,0,0,58,1,9,0
185573,3,0,0,51,1,8,0
188892,3,0,0,57,1,9,0
187660,3,0,0,53,1,9,0
186244,3,0,0,53,1,9,0
182114,3,0,0,54,1,9,0
180350,3,0,0,55,1,9,0
188263,3,0,0,55,1,9,0
181442,3,0,0,57,1,9,0
182148,3,0,0,56,1,8,0
185210,3,0,0,56,1,9,0
182719,3,0,0,57,1,9,0
186162,3,0,0,53,1,9,0
189727,3,0,0,55,1,8,0
181617,3,0,0,55,1,8,0
184075,3,0,0,57,1,8,0
180090,3,0,0,55,1,8,0
189608,3,0,0,56,1,8,0
188676,3,0,0,56,1,9,0
187571,3,0,0,56,1,9,0
180300,3,0,0,53,1,8,0
182135,3,0,0,56,1,9,0
185406,3,0,0,53,1,8,0
180272,3,0,0,53,1,8,0
186837,3,0,0,53,1,8,0
181821,3,0,0,56,1,9,0
189208,3,0,0,52,1,8,0
182482,3,0,0,54,1,9,0
184149,3,0,0,53,1,8,0
189376,3,0,0,52,1,9,0
185807,3,0,0,55,1,8,0
181860,3,0,0,53,1,9,0
182955,3,0,0,56,1,9,0
182339,3,0,0,56,1,9,0
184034,3,0,0,50,1,9,0
182615,3,0,0,56,1,8,0
186559,3,0,0,57,1,9,0
188470,3,0,0,57,1,9,0
181986,3,0,0,55,1,8,0
187836,3,0,0,59,1,8,0
180650,3,0,0,59,1,8,0
186316,3,0,0,52,1,8,0
180200,3,0,0,54,1,9,0
181374,3,0,0,58,1,9,0
187396,3,0,0,50,1,8,0
185963,3,0,0,52,1,9,0
182773,3,0,0,50,1,8,0
188870,3,0,0,57,1,8,0
183237,3,0,0,53,1,9,0
186572,3,0,0,58,1,8,0
188134,3,0,0,58,1,8,0
189865,3,0,0,50,1,8,0
181373,3,0,0,52,1,8,0
181819,3,0,0,57,1,8,0
180122,3,0,0,57,1,8,0
180846,3,0,0,50,1,9,0
186233,3,0,0,50,1,8,0
189165,3,0,0,58,1,9,0
189839,3,0,0,55,1,9,0
185542,3,0,0,55,1,8,0
187587,3,0,0,51,1,8,0
181095,3,0,0,55,1,9,0
180978,3,0,0,55,1,9,0
185924,3,0,0,59,1,8,0
188692,3,0,0,54,1,9,0
180822,3,0,0,54,1,9,0
182877,3,0,0,59,1,8,0
184742,3,0,0,57,1,9,0
180021,3,0,0,55,1,9,0
181255,3,0,0,53,1,8,0
189633,3,0,0,59,1,9,0
185138,3,0,0,59,1,8,0
187888,3,0,0,53,1,8,0
189076,3,0,0,53,1,9,0
181780,3,0,0,58,1,8,0
189943,3,0,0,53,1,8,0
184697,3,0,0,52,1,8,0
183930,3,0,0,52,1,8,0
186467,3,0,0,57,1,9,0
187123,3,0,0,53,1,8,0
182437,3,0,0,59,1,8,0
187028,3,0,0,54,1,8,0
186801,3,0,0,50,1,9,0
187897,3,0,0,52,1,8,0
189347,3,0,0,55,1,8,0
188755,3,0,0,57,1,9,0
185710,3,0,0,54,1,8,0
185548,3,0,0,55,1,8,0
187029,3,0,0,59,1,8,0
184769,3,0,0,58,1,8,0
187898,3,0,0,51,1,8,0
186863,3,0,0,56,1,9,0
180012,3,0,0,55,1,9,0
186270,3,0,0,55,1,8,0
182389,3,0,0,52,1,8,0
189812,3,0,0,56,1,9,0
184178,3,0,0,58,1,9,0
184769,3,0,0,54,1,8,0
185276,3,0,0,57,1,8,0
188875,3,0,0,52,1,9,0
181594,3,0,0,52,1,8,0
186429,3,0,0,54,1,8,0
182450,3,0,0,54,1,9,0
183087,3,0,0,58,1,9,0
183708,3,0,0,53,1,8,0
186372,3,0,0,55,1,9,0
182353,3,0,0,52,1,8,0
181279,3,0,0,50,1,8,0
181179,3,0,0,56,1,8,0
182354,3,0,0,50,1,9,0
187865,3,0,0,52,1,8,0
185495,3,0,0,57,1,8,0
185664,3,0,0,59,1,9,0
184060,3,0,0,55,1,8,0
182827,3,0,0,51,1,9,0
186714,3,0,0,59,1,8,0
188988,3,0,0,53,1,8,0
181883,3,0,0,52,1,9,0
188729,3,0,0,59,1,9,0
189434,3,0,0,52,1,8,0
183247,3,0,0,51,1,8,0
181943,3,0,0,52,1,9,0
185579,3,0,0,55,1,8,0
184091,3,0,0,55,1,8,0
184365,3,0,0,57,1,9,0
183736,3,0,0,50,1,9,0
183626,3,0,0,52,1,9,0
183843,3,0,0,56,1,9,0
188542,3,0,0,53,1,9,0
183062,3,0,0,56,1,9,0
189332,3,0,0,50,1,9,0
182967,3,0,0,58,1,9,0
198711,3,1,1,66,2,6,1
193047,3,1,1,62,2,6,1
191753,3,1,1,61,2,7,1
190250,3,1,1,63,2,6,1
190431,3,1,1,68,2,7,1
198642,3,1,1,68,2,6,1
194235,3,1,1,65,2,7,1
195660,3,1,1,69,2,7,1
193272,3,1,1,60,2,7,1
199612,3,1,1,65,2,7,1
193611,3,1,1,64,2,6,1
197505,3,1,1,66,2,6,1
190688,3,1,1,61,2,7,1
190540,3,1,1,62,2,6,1
194306,3,1,1,69,2,6,1
194766,3,1,1,63,2,7,1
196628,3,1,1,66,2,6,1
194165,3,1,1,67,2,6,1
199591,3,1,1,62,2,7,1
190824,3,1,1,67,2,7,1
199741,3,1,1,65,2,6,1
196016,3,1,1,61,2,6,1
199283,3,1,1,61,2,7,1
196280,3,1,1,65,2,6,1
190986,3,1,1,61,2,6,1
192144,3,1,1,65,2,7,1
190362,3,1,1,66,2,6,1
191821,3,1,1,60,2,6,1
191328,3,1,1,63,2,7,1
191340,3,1,1,64,2,6,1
198295,3,1,1,61,2,6,1
193809,3,1,1,66,2,6,1
198095,3,1,1,69,2,7,1
191462,3,1,1,65,2,7,1
197916,3,1,1,66,2,6,1
196008,3,1,1,62,2,6,1
194967,3,1,1,60,2,7,1
190535,3,1,1,67,2,6,1
193033,3,1,1,60,2,6,1
196638,3,1,1,66,2,7,1
197689,3,1,1,67,2,6,1
198147,3,1,1,68,2,7,1
199379,3,1,1,65,2,6,1
196073,3,1,1,67,2,7,1
190156,3,1,1,65,2,6,1
192438,3,1,1,61,2,7,1
190935,3,1,1,63,2,6,1
191347,3,1,1,67,2,7,1
193811,3,1,1,63,2,7,1
199572,3,1,1,60,2,7,1
193911,3,1,1,63,2,6,1
192770,3,1,1,67,2,6,1
199044,3,1,1,68,2,7,1
199593,3,1,1,60,2,7,1
198826,3,1,1,69,2,6,1
198798,3,1,1,61,2,6,1
199177,3,1,1,65,2,6,1
197611,3,1,1,65,2,7,1
195594,3,1,1,61,2,7,1
198932,3,1,1,66,2,7,1
198946,3,1,1,61,2,6,1
199336,3,1,1,66,2,6,1
199422,3,1,1,68,2,7,1
194333,3,1,1,63,2,6,1
196507,3,1,1,60,2,7,1
192621,3,1,1,67,2,7,1
196146,3,1,1,63,2,6,1
191534,3,1,1,64,2,6,1
192551,3,1,1,68,2,7,1
197319,3,1,1,61,2,7,1
198666,3,1,1,62,2,7,1
195259,3,1,1,65,2,6,1
198107,3,1,1,64,2,6,1
190760,3,1,1,69,2,7,1
198438,3,1,1,60,2,7,1
196521,3,1,1,63,2,7,1
197179,3,1,1,66,2,7,1
193458,3,1,1,65,2,6,1
195247,3,1,1,67,2,6,1
195875,3,1,1,64,2,7,1
196293,3,1,1,67,2,7,1
194815,3,1,1,63,2,7,1
191609,3,1,1,60,2,6,1
199793,3,1,1,61,2,7,1
192641,3,1,1,68,2,7,1
195402,3,1,1,67,2,6,1
194966,3,1,1,64,2,6,1
194464,3,1,1,66,2,7,1
199793,3,1,1,62,2,6,1
193261,3,1,1,65,2,6,1
198164,3,1,1,67,2,7,1
194883,3,1,1,65,2,7,1
191488,3,1,1,65,2,6,1
196840,3,1,1,65,2,7,1
194658,3,1,1,61,2,7,1
191235,3,1,1,64,2,7,1
197752,3,1,1,67,2,6,1
194213,3,1,1,62,2,6,1
193478,3,1,1,62,2,6,1
199350,3,1,1,65,2,6,1
190552,3,1,1,68,2,7,1
199318,3,1,1,60,2,7,1
199478,3,1,1,64,2,6,1
195917,3,1,1,68,2,7,1
191696,3,1,1,66,2,6,1
197328,3,1,1,68,2,7,1
196111,3,1,1,64,2,7,1
198180,3,1,1,65,2,6,1
193988,3,1,1,60,2,6,1
199512,3,1,1,67,2,7,1
196381,3,1,1,67,2,6,1
190330,3,1,1,64,2,7,1
196362,3,1,1,63,2,7,1
199538,3,1,1,64,2,6,1
195090,3,1,1,60,2,7,1
190593,3,1,1,66,2,6,1
198264,3,1,1,65,2,6,1
190187,3,1,1,63,2,6,1
190100,3,1,1,65,2,6,1
193947,3,1,1,61,2,6,1
192413,3,1,1,61,2,6,1
195165,3,1,1,61,2,7,1
199625,3,1,1,67,2,7,1
195409,3,1,1,62,2,6,1
198318,3,1,1,63,2,6,1
191571,3,1,1,61,2,6,1
193415,3,1,1,62,2,6,1
191218,3,1,1,66,2,6,1
198845,3,1,1,65,2,6,1
194350,3,1,1,64,2,7,1
193633,3,1,1,64,2,6,1
190149,3,1,1,69,2,6,1
196403,3,1,1,66,2,6,1
195809,3,1,1,60,2,6,1
199002,3,1,1,63,2,6,1
190039,3,1,1,61,2,6,1
198444,3,1,1,64,2,6,1
199792,3,1,1,67,2,7,1
196550,3,1,1,65,2,7,1
192129,3,1,1,61,2,7,1
190402,3,1,1,66,2,6,1
196915,3,1,1,68,2,7,1
194492,3,1,1,66,2,7,1
198406,3,1,1,65,2,6,1
194408,3,1,1,66,2,6,1
194083,3,1,1,65,2,6,1
196398,3,1,1,62,2,7,1
193914,3,1,1,63,2,7,1
190646,3,1,1,69,2,7,1
193827,3,1,1,64,2,6,1
190952,3,1,1,60,2,7,1
198024,3,1,1,63,2,7,1
197894,3,1,1,68,2,7,1
198519,3,1,1,63,2,7,1
190996,3,1,1,63,2,6,1
191720,3,1,1,69,2,7,1
193573,3,1,1,63,2,7,1
191868,3,1,1,66,2,6,1
196225,3,1,1,64,2,6,1
190534,3,1,1,66,2,7,1
193412,3,1,1,64,2,6,1
197495,3,1,1,67,2,7,1
191232,3,1,1,64,2,6,1
193894,3,1,1,65,2,6,1
194241,3,1,1,62,2,6,1
195445,3,1,1,66,2,6,1
197617,3,1,1,68,2,7,1
195030,3,1,1,60,2,6,1
198764,3,1,1,67,2,7,1
197944,3,1,1,60,2,7,1
196193,3,1,1,60,2,7,1
193748,3,1,1,68,2,6,1
197615,3,1,1,60,2,6,1
195398,3,1,1,67,2,7,1
195717,3,1,1,67,2,6,1
195616,3,1,1,68,2,7,1
197214,3,1,1,61,2,6,1
199904,3,1,1,60,2,6,1
190745,3,1,1,66,2,6,1
197651,3,1,1,63,2,6,1
190299,3,1,1,61,2,6,1
190316,3,1,1,60,2,7,1
192892,3,1,1,67,2,6,1
192397,3,1,1,63,2,6,1
199954,3,1,1,67,2,6,1
193683,3,1,1,61,2,6,1
198140,3,1,1,68,2,6,1
191150,3,1,1,66,2,7,1
197765,3,1,1,64,2,6,1
195032,3,1,1,65,2,6,1
192270,3,1,1,60,2,6,1
199120,3,1,1,68,2,6,1
198853,3,1,1,62,2,7,1
191785,3,1,1,63,2,7,1
199115,3,1,1,61,2,6,1
192001,3,1,1,62,2,6,1
192518,3,1,1,60,2,6,1
197014,3,1,1,66,2,6,1
198282,3,1,1,68,2,7,1
197515,3,1,1,61,2,7,1
196740,3,1,1,67,2,7,1
191939,3,1,1,65,2,6,1
198590,3,1,1,62,2,6,1
193685,3,1,1,61,2,7,1
194052,3,1,1,62,2,7,1
194453,3,1,1,65,2,7,1
197640,3,1,1,68,2,7,1
197210,3,1,1,61,2,7,1
197132,3,1,1,63,2,7,1
193938,3,1,1,63,2,6,1
196303,3,1,1,68,2,7,1
192884,3,1,1,68,2,6,1
195393,3,1,1,68,2,7,1
196535,3,1,1,65,2,7,1
199054,3,1,1,60,2,7,1
194631,3,1,1,60,2,7,1
191524,3,1,1,64,2,6,1
190172,3,1,1,61,2,7,1
199325,3,1,1,64,2,6,1
193334,3,1,1,60,2,6,1
191097,3,1,1,66,2,7,1
190221,3,1,1,65,2,7,1
190439,3,1,1,68,2,6,1
190343,3,1,1,62,2,7,1
194379,3,1,1,67,2,7,1
193156,3,1,1,65,2,6,1
196956,3,1,1,68,2,7,1
195403,3,1,1,66,2,6,1
191015,3,1,1,69,2,6,1
195274,3,1,1,60,2,7,1
197292,3,1,1,64,2,6,1
196360,3,1,1,68,2,7,1
195188,3,1,1,60,2,6,1
194135,3,1,1,67,2,7,1
192678,3,1,1,64,2,6,1
194380,3,1,1,63,2,6,1
197671,3,1,1,69,2,7,1
195879,3,1,1,69,2,7,1
191119,3,1,1,65,2,7,1
190504,3,1,1,66,2,7,1
192329,3,1,1,60,2,6,1
197489,3,1,1,64,2,7,1
199909,3,1,1,63,2,6,1
192428,3,1,1,63,2,7,1
196178,3,1,1,69,2,7,1
190826,3,1,1,69,2,6,1
195376,3,1,1,60,2,7,1
197334,3,1,1,65,2,7,1
196474,3,1,1,65,2,7,1
196753,3,1,1,67,2,7,1
198287,3,1,1,63,2,7,1
195163,3,1,1,64,2,7,1
198905,3,1,1,61,2,6,1
190168,3,1,1,64,2,6,1
194217,3,1,1,61,2,7,1
198775,3,1,1,67,2,6,1
199800,3,1,1,67,2,6,1
192156,3,1,1,61,2,6,1
195182,3,1,1,62,2,7,1
193398,3,1,1,61,2,6,1
197978,3,1,1,68,2,6,1
199124,3,1,1,69,2,6,1
191857,3,1,1,63,2,6,1
199551,3,1,1,67,2,7,1
196396,3,1,1,60,2,6,1
196052,3,1,1,69,2,6,1
190231,3,1,1,68,2,7,1
195245,3,1,1,67,2,6,1
194621,3,1,1,60,2,6,1
198512,3,1,1,61,2,6,1
190138,3,1,1,66,2,7,1
196683,3,1,1,66,2,7,1
190171,3,1,1,62,2,6,1
193109,3,1,1,68,2,6,1
192717,3,1,1,67,2,7,1
194666,3,1,1,61,2,7,1
195451,3,1,1,64,2,7,1
194425,3,1,1,64,2,6,1
193979,3,1,1,66,2,7,1
194722,3,1,1,64,2,7,1
190643,3,1,1,69,2,6,1
196699,3,1,1,61,2,6,1
193924,3,1,1,64,2,7,1
194942,3,1,1,60,2,6,1
194097,3,1,1,61,2,7,1
199833,3,1,1,67,2,6,1
192405,3,1,1,62,2,7,1
191675,3,1,1,60,2,7,1
190716,3,1,1,63,2,7,1
193751,3,1,1,60,2,6,1
190047,3,1,1,68,2,7,1
199241,3,1,1,65,2,6,1
199140,3,1,1,65,2,6,1
191116,3,1,1,68,2,7,1
196550,3,1,1,63,2,6,1
199051,3,1,1,67,2,6,1
191461,3,1,1,62,2,7,1
198021,3,1,1,60,2,6,1
193801,3,1,1,62,2,7,1
193860,3,1,1,63,2,6,1
194419,3,1,1,64,2,6,1
192617,3,1,1,68,2,7,1
199560,3,1,1,63,2,6,1
190597,3,1,1,67,2,7,1
198817,3,1,1,66,2,7,1
190426,3,1,1,64,2,7,1
191146,3,1,1,69,2,7,1
198979,3,1,1,65,2,7,1
191063,3,1,1,61,2,6,1
196389,3,1,1,60,2,7,1
191725,3,1,1,67,2,6,1
194888,3,1,1,65,2,6,1
195149,3,1,1,63,2,7,1
190185,3,1,1,60,2,6,1
195085,3,1,1,65,2,6,1
195200,3,1,1,62,2,6,1
198275,3,1,1,61,2,6,1
198180,3,1,1,64,2,7,1
196461,3,1,1,62,2,7,1
191999,3,1,1,69,2,7,1
190385,3,1,1,69,2,7,1
196559,3,1,1,66,2,7,1
197681,3,1,1,62,2,6,1
198102,3,1,1,67,2,7,1
190748,3,1,1,64,2,7,1
191608,3,1,1,64,2,6,1
192075,3,1,1,65,2,6,1
191633,3,1,1,67,2,6,1
196129,3,1,1,60,2,6,1
199345,3,1,1,69,2,7,1
191567,3,1,1,61,2,7,1
192994,3,1,1,65,2,6,1
192167,3,1,1,67,2,6,1
190345,3,1,1,60,2,6,1
196174,3,1,1,66,2,7,1
190094,3,1,1,61,2,7,1
190210,3,1,1,60,2,6,1
195761,3,1,1,66,2,6,1
193808,3,1,1,65,2,7,1
190620,3,1,1,61,2,7,1
198857,3,1,1,62,2,7,1
190776,3,1,1,61,2,6,1
190052,3,1,1,62,2,7,1
192912,3,1,1,67,2,6,1
195832,3,1,1,67,2,7,1
195569,3,1,1,60,2,7,1
198169,3,1,1,66,2,6,1
191229,3,1,1,64,2,7,1
199095,3,1,1,67,2,7,1
194496,3,1,1,65,2,7,1
195187,3,1,1,65,2,7,1
195813,3,1,1,60,2,7,1
195591,3,1,1,67,2,7,1
190808,3,1,1,66,2,6,1
193240,3,1,1,63,2,6,1
191878,3,1,1,68,2,6,1
199051,3,1,1,69,2,7,1
197476,3,1,1,63,2,6,1
192638,3,1,1,67,2,6,1
197593,3,1,1,64,2,6,1
196008,3,1,1,63,2,7,1
190571,3,1,1,61,2,6,1
198036,3,1,1,67,2,6,1
197160,3,1,1,66,2,7,1
195157,3,1,1,63,2,6,1
192071,3,1,1,67,2,7,1
199607,3,1,1,69,2,6,1
196565,3,1,1,60,2,7,1
197055,3,1,1,64,2,7,1
197620,3,1,1,62,2,7,1
198487,3,1,1,61,2,7,1
193439,3,1,1,60,2,7,1
199098,3,1,1,60,2,7,1
195429,3,1,1,61,2,7,1
191508,3,1,1,65,2,6,1
195925,3,1,1,68,2,7,1
192977,3,1,1,64,2,7,1
198665,3,1,1,65,2,7,1
192443,3,1,1,62,2,7,1
193928,3,1,1,62,2,6,1
197529,3,1,1,63,2,7,1
196002,3,1,1,62,2,6,1
191776,3,1,1,68,2,7,1
191198,3,1,1,66,2,6,1
194843,3,1,1,61,2,6,1
194830,3,1,1,68,2,6,1
196979,3,1,1,67,2,6,1
191314,3,1,1,65,2,6,1
193581,3,1,1,67,2,7,1
191364,3,1,1,64,2,6,1
196935,3,1,1,69,2,6,1
195132,3,1,1,66,2,7,1
195130,3,1,1,66,2,7,1
194375,3,1,1,61,2,6,1
198796,3,1,1,67,2,7,1
191251,3,1,1,62,2,7,1
199808,3,1,1,68,2,7,1
193582,3,1,1,62,2,7,1
192155,3,1,1,60,2,6,1
197285,3,1,1,66,2,7,1
196252,3,1,1,66,2,6,1
194960,3,1,1,62,2,7,1
190146,3,1,1,65,2,6,1
192116,3,1,1,63,2,7,1
192422,3,1,1,68,2,7,1
198278,3,1,1,61,2,7,1
194396,3,1,1,64,2,7,1
194570,3,1,1,63,2,7,1
196032,3,1,1,66,2,6,1
198007,3,1,1,61,2,6,1
199292,3,1,1,60,2,6,1
191731,3,1,1,62,2,7,1
192450,3,1,1,66,2,7,1
191723,3,1,1,67,2,7,1
190877,3,1,1,61,2,6,1
198540,3,1,1,61,2,7,1
199241,3,1,1,64,2,7,1
190786,3,1,1,64,2,7,1
197213,3,1,1,67,2,7,1
199245,3,1,1,64,2,7,1
193597,3,1,1,66,2,6,1
194009,3,1,1,61,2,6,1
193542,3,1,1,65,2,7,1
198309,3,1,1,67,2,7,1
195144,3,1,1,67,2,6,1
191742,3,1,1,65,2,7,1
196474,3,1,1,63,2,6,1
190087,3,1,1,65,2,6,1
192675,3,1,1,65,2,7,1
198029,3,1,1,60,2,7,1
199692,3,1,1,68,2,6,1
192677,3,1,1,66,2,7,1
199174,3,1,1,63,2,7,1
198943,3,1,1,64,2,7,1
193331,3,1,1,68,2,6,1
191258,3,1,1,62,2,7,1
191219,3,1,1,64,2,7,1
196376,3,1,1,63,2,7,1
192696,3,1,1,66,2,6,1
190490,3,1,1,69,2,7,1
196759,3,1,1,63,2,7,1
198174,3,1,1,64,2,6,1
195687,3,1,1,69,2,6,1
191163,3,1,1,63,2,6,1
197790,3,1,1,68,2,6,1
193727,3,1,1,64,2,6,1
198532,3,1,1,65,2,6,1
192240,3,1,1,69,2,6,1
196855,3,1,1,61,2,7,1
192531,3,1,1,62,2,6,1
194353,3,1,1,60,2,7,1
195457,3,1,1,65,2,7,1
198117,3,1,1,69,2,6,1
190358,3,1,1,61,2,7,1
191938,3,1,1,67,2,7,1
191361,3,1,1,68,2,7,1
199161,3,1,1,61,2,7,1
193491,3,1,1,66,2,7,1
193200,3,1,1,61,2,6,1
198189,3,1,1,66,2,6,1
196025,3,1,1,63,2,6,1
191902,3,1,1,65,2,7,1
193088,3,1,1,62,2,7,1
198340,3,1,1,65,2,7,1
194092,3,1,1,64,2,6,1
197256,3,1,1,68,2,6,1
195931,3,1,1,65,2,7,1
195859,3,1,1,64,2,6,1
195466,3,1,1,62,2,7,1
197640,3,1,1,60,2,7,1
196934,3,1,1,61,2,7,1
191595,3,1,1,69,2,6,1
197957,3,1,1,67,2,6,1
192112,3,1,1,63,2,7,1
191006,3,1,1,63,2,7,1
199770,3,1,1,66,2,7,1
197127,3,1,1,66,2,6,1
198135,3,1,1,67,2,6,1
197888,3,1,1,64,2,7,1
194639,3,1,1,60,2,6,1
194246,3,1,1,67,2,6,1
197180,3,1,1,65,2,6,1
193726,3,1,1,67,2,6,1
199771,3,1,1,63,2,7,1
194251,3,1,1,60,2,6,1
197607,3,1,1,61,2,7,1
191631,3,1,1,65,2,7,1
192922,3,1,1,65,2,6,1
199824,3,1,1,65,2,7,1
190289,3,1,1,66,2,6,1
191648,3,1,1,64,2,6,1
198913,3,1,1,62,2,6,1
196363,3,1,1,61,2,6,1
197262,3,1,1,60,2,7,1
195575,3,1,1,67,2,7,1
194550,3,1,1,64,2,7,1
194665,3,1,1,69,2,7,1
190188,3,1,1,69,2,6,1
194312,3,1,1,65,2,7,1
195528,3,1,1,65,2,6,1
208008,4,1,1,78,3,4,1
206973,4,1,1,72,3,4,1
203024,4,1,1,71,3,5,1
206118,4,1,1,71,3,5,1
204241,4,1,1,78,3,4,1
205406,4,1,1,71,3,5,1
200612,4,1,1,72,3,5,1
209975,4,1,1,71,3,4,1
208168,4,1,1,72,3,4,1
209199,4,1,1,76,3,5,1
206051,4,1,1,71,3,4,1
206105,4,1,1,70,3,5,1
200390,4,1,1,72,3,5,1
204650,4,1,1,73,3,5,1
201669,4,1,1,76,3,4,1
208583,4,1,1,75,3,4,1
203948,4,1,1,70,3,5,1
204581,4,1,1,75,3,5,1
207935,4,1,1,74,3,5,1
200845,4,1,1,74,3,4,1
200095,4,1,1,77,3,4,1
204115,4,1,1,74,3,4,1
203837,4,1,1,73,3,5,1
209073,4,1,1,75,3,5,1
206038,4,1,1,73,3,5,1
205468,4,1,1,72,3,4,1
206965,4,1,1,74,3,5,1
201770,4,1,1,75,3,5,1
200543,4,1,1,72,3,4,1
208057,4,1,1,76,3,4,1
202131,4,1,1,71,3,4,1
203985,4,1,1,71,3,5,1
207907,4,1,1,74,3,5,1
201044,4,1,1,79,3,5,1
206489,4,1,1,76,3,4,1
200125,4,1,1,74,3,5,1
203635,4,1,1,71,3,5,1
200858,4,1,1,79,3,4,1
206891,4,1,1,77,3,5,1
206916,4,1,1,74,3,4,1
202223,4,1,1,79,3,4,1
202788,4,1,1,77,3,4,1
202544,4,1,1,79,3,4,1
205795,4,1,1,70,3,5,1
205646,4,1,1,79,3,5,1
202319,4,1,1,75,3,5,1
206918,4,1,1,73,3,4,1
204183,4,1,1,70,3,4,1
200179,4,1,1,74,3,5,1
201821,4,1,1,70,3,5,1
208083,4,1,1,72,3,4,1
201976,4,1,1,77,3,4,1
202399,4,1,1,79,3,4,1
201681,4,1,1,71,3,5,1
209745,4,1,1,77,3,5,1
207332,4,1,1,75,3,5,1
209365,4,1,1,76,3,5,1
209255,4,1,1,78,3,4,1
209889,4,1,1,76,3,4,1
202859,4,1,1,76,3,4,1
209283,4,1,1,70,3,5,1
206963,4,1,1,77,3,5,1
203910,4,1,1,74,3,4,1
205053,4,1,1,76,3,5,1
209361,4,1,1,71,3,5,1
201400,4,1,1,76,3,5,1
201361,4,1,1,74,3,4,1
203364,4,1,1,71,3,4,1
207200,4,1,1,79,3,5,1
200143,4,1,1,72,3,4,1
205355,4,1,1,71,3,4,1
204990,4,1,1,71,3,5,1
208212,4,1,1,75,3,4,1
206898,4,1,1,72,3,5,1
201778,4,1,1,78,3,5,1
208715,4,1,1,75,3,5,1
204429,4,1,1,79,3,4,1
206631,4,1,1,77,3,5,1
209196,4,1,1,71,3,5,1
207170,4,1,1,73,3,5,1
202965,4,1,1,76,3,5,1
202294,4,1,1,77,3,5,1
200835,4,1,1,79,3,5,1
206883,4,1,1,70,3,5,1
203654,4,1,1,79,3,4,1
207853,4,1,1,71,3,5,1
201426,4,1,1,70,3,4,1
206244,4,1,1,76,3,5,1
206992,4,1,1,70,3,5,1
201566,4,1,1,76,3,4,1
206179,4,1,1,77,3,4,1
205894,4,1,1,72,3,5,1
202634,4,1,1,70,3,4,1
208938,4,1,1,79,3,4,1
200631,4,1,1,78,3,4,1
201594,4,1,1,77,3,5,1
201053,4,1,1,78,3,4,1
203125,4,1,1,75,3,5,1
203690,4,1,1,77,3,4,1
207167,4,1,1,71,3,5,1
207573,4,1,1,71,3,4,1
207646,4,1,1,74,3,4,1
209070,4,1,1,75,3,4,1
203945,4,1,1,73,3,4,1
208706,4,1,1,70,3,4,1
204331,4,1,1,72,3,5,1
209252,4,1,1,78,3,5,1
204959,4,1,1,77,3,5,1
207997,4,1,1,74,3,4,1
200939,4,1,1,74,3,4,1
204761,4,1,1,73,3,4,1
206251,4,1,1,76,3,4,1
207147,4,1,1,73,3,5,1
206339,4,1,1,76,3,5,1
204869,4,1,1,73,3,5,1
202397,4,1,1,78,3,5,1
205291,4,1,1,77,3,5,1
209226,4,1,1,77,3,5,1
209273,4,1,1,70,3,4,1
205308,4,1,1,71,3,4,1
204450,4,1,1,70,3,5,1
207691,4,1,1,75,3,4,1
207852,4,1,1,73,3,4,1
205428,4,1,1,72,3,5,1
208127,4,1,1,78,3,4,1
203309,4,1,1,74,3,4,1
201439,4,1,1,75,3,5,1
205335,4,1,1,70,3,5,1
209289,4,1,1,78,3,5,1
201429,4,1,1,70,3,5,1
203092,4,1,1,77,3,5,1
204010,4,1,1,73,3,5,1
203654,4,1,1,71,3,5,1
206895,4,1,1,77,3,4,1
206639,4,1,1,74,3,5,1
207008,4,1,1,74,3,4,1
202700,4,1,1,78,3,5,1
204970,4,1,1,71,3,4,1
204483,4,1,1,74,3,4,1
201169,4,1,1,70,3,5,1
202082,4,1,1,78,3,5,1
209886,4,1,1,71,3,4,1
200106,4,1,1,79,3,5,1
202151,4,1,1,77,3,4,1
200414,4,1,1,72,3,4,1
209739,4,1,1,70,3,5,1
204201,4,1,1,71,3,4,1
203280,4,1,1,77,3,4,1
206712,4,1,1,76,3,4,1
200956,4,1,1,76,3,4,1
205688,4,1,1,78,3,4,1
205616,4,1,1,71,3,5,1
206159,4,1,1,76,3,4,1
206827,4,1,1,73,3,4,1
204558,4,1,1,77,3,4,1
201208,4,1,1,75,3,4,1
200139,4,1,1,73,3,5,1
203000,4,1,1,70,3,5,1
200899,4,1,1,73,3,4,1
204303,4,1,1,73,3,4,1
209606,4,1,1,72,3,5,1
206815,4,1,1,72,3,4,1
206086,4,1,1,71,3,5,1
202934,4,1,1,70,3,4,1
206956,4,1,1,75,3,5,1
205483,4,1,1,71,3,5,1
207122,4,1,1,72,3,4,1
204547,4,1,1,78,3,5,1
205313,4,1,1,79,3,5,1
205414,4,1,1,72,3,5,1
206105,4,1,1,70,3,5,1
209429,4,1,1,75,3,5,1
201470,4,1,1,70,3,4,1
209689,4,1,1,70,3,4,1
205802,4,1,1,74,3,5,1
204741,4,1,1,76,3,4,1
209508,4,1,1,70,3,4,1
208604,4,1,1,72,3,4,1
205101,4,1,1,74,3,5,1
204331,4,1,1,79,3,4,1
205872,4,1,1,72,3,4,1
201488,4,1,1,79,3,5,1
205747,4,1,1,76,3,4,1
205192,4,1,1,73,3,5,1
208356,4,1,1,75,3,5,1
200362,4,1,1,78,3,4,1
201985,4,1,1,76,3,5,1
201314,4,1,1,74,3,5,1
201579,4,1,1,73,3,5,1
207141,4,1,1,72,3,5,1
201739,4,1,1,71,3,4,1
209839,4,1,1,75,3,5,1
209395,4,1,1,70,3,4,1
201013,4,1,1,72,3,5,1
200940,4,1,1,74,3,4,1
203303,4,1,1,70,3,4,1
206479,4,1,1,76,3,4,1
207443,4,1,1,70,3,5,1
209025,4,1,1,72,3,5,1
209681,4,1,1,77,3,4,1
205746,4,1,1,72,3,4,1
203087,4,1,1,73,3,5,1
208973,4,1,1,74,3,4,1
206589,4,1,1,76,3,5,1
208656,4,1,1,75,3,4,1
207298,4,1,1,74,3,4,1
203950,4,1,1,72,3,4,1
207407,4,1,1,76,3,4,1
209094,4,1,1,77,3,5,1
207799,4,1,1,73,3,4,1
201283,4,1,1,70,3,5,1
209998,4,1,1,76,3,5,1
203465,4,1,1,73,3,5,1
208091,4,1,1,78,3,4,1
202000,4,1,1,75,3,5,1
201030,4,1,1,71,3,4,1
209208,4,1,1,70,3,5,1
206979,4,1,1,70,3,4,1
206342,4,1,1,79,3,5,1
204157,4,1,1,70,3,4,1
208326,4,1,1,70,3,5,1
203783,4,1,1,70,3,4,1
209289,4,1,1,73,3,4,1
204076,4,1,1,72,3,4,1
208703,4,1,1,78,3,5,1
201793,4,1,1,74,3,5,1
201537,4,1,1,78,3,4,1
208600,4,1,1,78,3,4,1
209157,4,1,1,71,3,4,1
204487,4,1,1,70,3,4,1
201458,4,1,1,70,3,5,1
205099,4,1,1,73,3,5,1
208934,4,1,1,73,3,4,1
206791,4,1,1,78,3,4,1
209447,4,1,1,74,3,4,1
201485,4,1,1,78,3,5,1
204221,4,1,1,77,3,4,1
202779,4,1,1,70,3,4,1
201454,4,1,1,72,3,4,1
201162,4,1,1,75,3,5,1
203091,4,1,1,73,3,4,1
206340,4,1,1,74,3,5,1
205062,4,1,1,77,3,5,1
208749,4,1,1,70,3,5,1
206844,4,1,1,77,3,4,1
205498,4,1,1,77,3,5,1
201372,4,1,1,74,3,4,1
200612,4,1,1,76,3,5,1
200663,4,1,1,79,3,5,1
202917,4,1,1,71,3,4,1
200999,4,1,1,79,3,5,1
201529,4,1,1,70,3,4,1
204044,4,1,1,70,3,5,1
208081,4,1,1,70,3,5,1
205366,4,1,1,78,3,4,1
204287,4,1,1,71,3,5,1
207047,4,1,1,78,3,4,1
207027,4,1,1,71,3,4,1
201584,4,1,1,71,3,4,1
200739,4,1,1,71,3,4,1
208865,4,1,1,73,3,4,1
200702,4,1,1,72,3,5,1
206756,4,1,1,71,3,5,1
202086,4,1,1,75,3,5,1
208237,4,1,1,78,3,4,1
208022,4,1,1,71,3,4,1
201425,4,1,1,79,3,5,1
207166,4,1,1,78,3,4,1
207641,4,1,1,79,3,5,1
207855,4,1,1,71,3,5,1
208088,4,1,1,79,3,5,1
207393,4,1,1,79,3,4,1
201612,4,1,1,79,3,5,1
206169,4,1,1,76,3,5,1
208780,4,1,1,71,3,5,1
208908,4,1,1,73,3,5,1
206490,4,1,1,77,3,4,1
208238,4,1,1,74,3,5,1
205807,4,1,1,73,3,4,1
203522,4,1,1,79,3,4,1
209087,4,1,1,77,3,5,1
206581,4,1,1,78,3,4,1
203874,4,1,1,72,3,5,1
202240,4,1,1,72,3,5,1
200923,4,1,1,71,3,5,1
203639,4,1,1,72,3,5,1
208811,4,1,1,72,3,4,1
201499,4,1,1,74,3,4,1
207252,4,1,1,76,3,5,1
201362,4,1,1,72,3,4,1
201642,4,1,1,74,3,4,1
207130,4,1,1,79,3,5,1
208771,4,1,1,71,3,5,1
204112,4,1,1,75,3,4,1
203854,4,1,1,70,3,5,1
207781,4,1,1,72,3,4,1
203197,4,1,1,70,3,5,1
208403,4,1,1,71,3,5,1
200494,4,1,1,70,3,5,1
200744,4,1,1,74,3,5,1
204513,4,1,1,71,3,5,1
204307,4,1,1,75,3,4,1
207918,4,1,1,72,3,4,1
207165,4,1,1,77,3,5,1
206498,4,1,1,70,3,5,1
201827,4,1,1,73,3,5,1
206558,4,1,1,77,3,4,1
206674,4,1,1,75,3,4,1
206567,4,1,1,72,3,5,1
204683,4,1,1,74,3,5,1
209581,4,1,1,73,3,4,1
200645,4,1,1,77,3,5,1
209958,4,1,1,73,3,5,1
207670,4,1,1,74,3,5,1
205015,4,1,1,70,3,4,1
201662,4,1,1,78,3,5,1
205566,4,1,1,74,3,5,1
203172,4,1,1,72,3,5,1
205762,4,1,1,76,3,4,1
203449,4,1,1,75,3,4,1
208356,4,1,1,73,3,4,1
207414,4,1,1,72,3,4,1
200627,4,1,1,72,3,5,1
209901,4,1,1,75,3,5,1
200906,4,1,1,74,3,4,1
207051,4,1,1,71,3,4,1
202875,4,1,1,77,3,5,1
203444,4,1,1,73,3,5,1
205226,4,1,1,73,3,5,1
207565,4,1,1,76,3,4,1
202651,4,1,1,75,3,5,1
208869,4,1,1,77,3,5,1
202169,4,1,1,78,3,4,1
207943,4,1,1,73,3,4,1
201450,4,1,1,71,3,4,1
206372,4,1,1,78,3,5,1
206040,4,1,1,72,3,5,1
206760,4,1,1,78,3,4,1
208389,4,1,1,73,3,4,1
200654,4,1,1,79,3,4,1
209399,4,1,1,74,3,4,1
204150,4,1,1,78,3,4,1
201862,4,1,1,73,3,5,1
207369,4,1,1,76,3,5,1
200657,4,1,1,76,3,4,1
208954,4,1,1,79,3,5,1
201220,4,1,1,70,3,4,1
209807,4,1,1,73,3,4,1
208756,4,1,1,74,3,5,1
206450,4,1,1,73,3,4,1
207933,4,1,1,76,3,5,1
205163,4,1,1,70,3,5,1
205050,4,1,1,70,3,5,1
202906,4,1,1,78,3,4,1
202472,4,1,1,76,3,4,1
205970,4,1,1,79,3,5,1
208296,4,1,1,73,3,4,1
208381,4,1,1,70,3,4,1
207292,4,1,1,74,3,5,1
204780,4,1,1,77,3,4,1
209651,4,1,1,71,3,5,1
201843,4,1,1,79,3,4,1
207341,4,1,1,71,3,4,1
203621,4,1,1,78,3,4,1
205068,4,1,1,76,3,4,1
209967,4,1,1,75,3,5,1
206445,4,1,1,71,3,5,1
207582,4,1,1,79,3,5,1
202977,4,1,1,70,3,5,1
207809,4,1,1,73,3,5,1
200479,4,1,1,72,3,4,1
201722,4,1,1,76,3,4,1
208957,4,1,1,72,3,4,1
209401,4,1,1,77,3,5,1
201630,4,1,1,74,3,4,1
207374,4,1,1,75,3,5,1
208162,4,1,1,78,3,4,1
207870,4,1,1,72,3,4,1
205894,4,1,1,70,3,4,1
204591,4,1,1,77,3,5,1
203283,4,1,1,75,3,5,1
209432,4,1,1,73,3,5,1
201853,4,1,1,76,3,5,1
200953,4,1,1,70,3,5,1
205650,4,1,1,75,3,4,1
202813,4,1,1,74,3,4,1
200282,4,1,1,70,3,4,1
201595,4,1,1,78,3,5,1
202907,4,1,1,77,3,5,1
202437,4,1,1,76,3,4,1
209504,4,1,1,76,3,4,1
208252,4,1,1,70,3,4,1
208937,4,1,1,71,3,5,1
204755,4,1,1,71,3,5,1
207214,4,1,1,78,3,4,1
208784,4,1,1,70,3,5,1
205891,4,1,1,74,3,4,1
209618,4,1,1,78,3,5,1
207696,4,1,1,72,3,5,1
203838,4,1,1,73,3,4,1
209644,4,1,1,72,3,5,1
204478,4,1,1,70,3,5,1
206322,4,1,1,73,3,4,1
206469,4,1,1,71,3,4,1
206108,4,1,1,79,3,4,1
201074,4,1,1,76,3,4,1
201491,4,1,1,74,3,4,1
207377,4,1,1,79,3,5,1
206441,4,1,1,73,3,4,1
204371,4,1,1,75,3,4,1
209245,4,1,1,77,3,5,1
200468,4,1,1,79,3,4,1
208320,4,1,1,75,3,4,1
206582,4,1,1,77,3,5,1
208240,4,1,1,72,3,5,1
201613,4,1,1,71,3,4,1
207917,4,1,1,73,3,5,1
208614,4,1,1,79,3,4,1
207422,4,1,1,75,3,4,1
209863,4,1,1,77,3,5,1
200176,4,1,1,70,3,4,1
201738,4,1,1,73,3,5,1
204541,4,1,1,74,3,5,1
209109,4,1,1,70,3,5,1
200995,4,1,1,71,3,4,1
209045,4,1,1,71,3,4,1
205859,4,1,1,70,3,4,1
200525,4,1,1,70,3,4,1
204495,4,1,1,75,3,5,1
202022,4,1,1,76,3,4,1
206971,4,1,1,70,3,5,1
208200,4,1,1,75,3,5,1
204210,4,1,1,70,3,4,1
208633,4,1,1,72,3,4,1
209633,4,1,1,76,3,4,1
202629,4,1,1,70,3,4,1
205882,4,1,1,70,3,4,1
205575,4,1,1,73,3,4,1
208790,4,1,1,74,3,5,1
206256,4,1,1,73,3,5,1
209499,4,1,1,73,3,4,1
204235,4,1,1,70,3,5,1
203065,4,1,1,74,3,5,1
201219,4,1,1,71,3,5,1
202136,4,1,1,73,3,5,1
205708,4,1,1,71,3,5,1
203635,4,1,1,74,3,5,1
203961,4,1,1,77,3,4,1
207176,4,1,1,71,3,5,1
204063,4,1,1,73,3,5,1
201632,4,1,1,75,3,4,1
208457,4,1,1,77,3,4,1
203276,4,1,1,71,3,5,1
206555,4,1,1,76,3,5,1
209462,4,1,1,76,3,5,1
203315,4,1,1,74,3,4,1
200467,4,1,1,79,3,4,1
204314,4,1,1,71,3,4,1
205276,4,1,1,70,3,4,1
202062,4,1,1,73,3,4,1
206083,4,1,1,73,3,5,1
204635,4,1,1,71,3,4,1
201596,4,1,1,76,3,5,1
207755,4,1,1,73,3,4,1
206423,4,1,1,73,3,4,1
205675,4,1,1,75,3,4,1
208449,4,1,1,79,3,4,1
202718,4,1,1,79,3,4,1
203922,4,1,1,75,3,4,1
207413,4,1,1,76,3,4,1
204574,4,1,1,79,3,5,1
208833,4,1,1,70,3,4,1
209821,4,1,1,73,3,4,1
207903,4,1,1,79,3,4,1
202617,4,1,1,70,3,5,1
208835,4,1,1,75,3,5,1
207732,4,1,1,72,3,5,1
206524,4,1,1,70,3,5,1
206368,4,1,1,70,3,4,1
200876,4,1,1,79,3,4,1
205656,4,1,1,78,3,4,1
206446,4,1,1,76,3,4,1
203432,4,1,1,73,3,4,1
205507,4,1,1,75,3,5,1
206239,4,1,1,71,3,4,1
204575,4,1,1,72,3,4,1
209343,4,1,1,75,3,5,1
201098,4,1,1,70,3,4,1
205934,4,1,1,79,3,5,1
203799,4,1,1,74,3,5,1
203511,4,1,1,78,3,4,1
204556,4,1,1,74,3,4,1
203422,4,1,1,71,3,5,1
209426,4,1,1,76,3,4,1
209555,4,1,1,70,3,4,1
205192,4,1,1,72,3,4,1
204333,4,1,1,79,3,4,1
206390,4,1,1,78,3,4,1
202817,4,1,1,78,3,4,1
200482,4,1,1,76,3,4,1
